{
  "total": 5062.10468470581,
  "tasks": {
    "1": 16.605878806173756,
    "2": 11.47736497719886,
    "3": 15.76672465674132,
    "4": 11.923820885078152,
    "5": 11.994640212099146,
    "6": 17.230199003996105,
    "7": 12.22229830134501,
    "8": 12.386208122142964,
    "9": 12.767076097819148,
    "10": 13.94037051757293,
    "11": 12.926065432493822,
    "12": 11.896495335519223,
    "13": 11.579741877467724,
    "15": 13.360979473505623,
    "16": 16.623449138386228,
    "17": 10.121889897559976,
    "18": 13.055434985952145,
    "19": 12.474357882385437,
    "20": 11.487837589126643,
    "21": 12.50853790807793,
    "22": 11.873650577439609,
    "23": 14.027328969486575,
    "24": 12.504958610135446,
    "25": 10.514691239647302,
    "26": 16.504439108710876,
    "27": 13.887567027111416,
    "28": 14.9581427781991,
    "29": 11.952069262832987,
    "32": 12.522919782009982,
    "33": 12.703643421471035,
    "34": 12.466957263437518,
    "35": 14.121990544026813,
    "37": 11.883029136096798,
    "38": 16.016183887497505,
    "39": 13.017327188621676,
    "40": 13.863966763651748,
    "41": 11.738936112906147,
    "42": 11.534904023003644,
    "43": 14.723122972828193,
    "44": 9.95202656169253,
    "45": 13.16900633276339,
    "46": 13.707646395976164,
    "47": 12.504958610135446,
    "48": 17.826808257513402,
    "50": 13.09599236728906,
    "51": 12.225609539240503,
    "52": 17.345556773529886,
    "53": 21.598802618337846,
    "54": 11.68460759590809,
    "55": 13.989336928135275,
    "56": 14.794298969166181,
    "57": 13.58291385480396,
    "58": 12.935888463239724,
    "59": 12.39002012589273,
    "60": 12.965950126276322,
    "61": 12.794032359982712,
    "62": 13.684440696483621,
    "63": 13.626106743725328,
    "64": 11.911824422132915,
    "66": 13.272076065012682,
    "67": 15.127023202668894,
    "68": 14.82958170218172,
    "69": 12.528126693489636,
    "70": 13.033753031912266,
    "71": 12.20013100616622,
    "72": 16.322730860737128,
    "73": 11.383050142880766,
    "74": 11.663772795041838,
    "75": 13.374898299251983,
    "76": 7.513543486128601,
    "77": 11.300770481253721,
    "78": 15.003340916576077,
    "79": 13.996318077613111,
    "81": 11.335989305051067,
    "82": 12.783185257937925,
    "83": 16.33611242943296,
    "84": 13.031619982176693,
    "85": 12.017328667413722,
    "86": 10.328164024369041,
    "87": 13.75660239690151,
    "88": 12.326123016894037,
    "89": 11.55597640140184,
    "90": 13.148661326171633,
    "91": 13.551005240924459,
    "92": 11.349167170652644,
    "93": 12.01422410889235,
    "94": 13.04572118335913,
    "95": 14.642066717134085,
    "96": 14.426915407364188,
    "97": 12.329187554899189,
    "98": 12.91655837262606,
    "99": 14.066250379683995,
    "100": 13.846768316791847,
    "101": 13.820549268655228,
    "102": 11.627000869006787,
    "103": 14.298554902551581,
    "104": 16.006075858588602,
    "105": 13.881154698271372,
    "106": 13.309095727669954,
    "107": 13.301907031785898,
    "108": 13.803060064665189,
    "109": 12.56533865491972,
    "110": 11.48996352443012,
    "111": 12.87910405187742,
    "112": 13.569445784988183,
    "113": 13.314744393266261,
    "114": 15.406985608216468,
    "115": 12.339072262120263,
    "116": 17.43524298709427,
    "117": 11.369852018045053,
    "118": 13.407635086203346,
    "119": 11.947291141494432,
    "120": 14.347575845261884,
    "121": 14.004924773732727,
    "122": 13.776825412650664,
    "123": 15.767017897542992,
    "124": 15.121061320385285,
    "125": 11.216765763389832,
    "126": 12.811918223990746,
    "127": 11.39409997906735,
    "128": 11.88827501010554,
    "129": 15.141771353869487,
    "130": 15.21647911551106,
    "131": 13.758515871751733,
    "132": 12.745327684633764,
    "133": 13.0076219382162,
    "134": 14.45315968516774,
    "135": 16.623449138386228,
    "136": 12.116350768900839,
    "137": 12.799422424751807,
    "138": 11.616058821155322,
    "139": 12.806465631167931,
    "140": 13.75660239690151,
    "141": 12.545541097991473,
    "142": 16.62206887591727,
    "143": 11.382786734027242,
    "144": 16.48721651707246,
    "145": 13.000705551697772,
    "146": 12.381238401272343,
    "147": 13.97077149140751,
    "148": 14.155490079370534,
    "149": 15.386998447248388,
    "151": 12.772312644497418,
    "152": 16.62206887591727,
    "153": 15.51696429788036,
    "154": 12.995187112284032,
    "156": 13.294909913861565,
    "157": 9.769293290575854,
    "158": 7.118986770431064,
    "159": 12.399304141206583,
    "160": 12.398287018430997,
    "161": 11.65971950532505,
    "162": 13.067358127485107,
    "163": 13.798503001211554,
    "164": 17.715179087431395,
    "165": 12.712245990127782,
    "166": 13.367018528973341,
    "167": 14.281523811120042,
    "168": 11.652194914068874,
    "169": 11.764527604270835,
    "171": 14.030974466525192,
    "172": 17.715179087431395,
    "173": 11.484006607055345,
    "174": 13.59522783577283,
    "175": 14.563152636393301,
    "176": 13.815300862797134,
    "178": 14.06380850660653,
    "179": 14.394802036243439,
    "180": 11.31515636973138,
    "181": 13.513172134151645,
    "182": 12.269441458518141,
    "183": 14.555904745413415,
    "185": 13.486105005175768,
    "186": 14.368336017984532,
    "187": 11.637167234189596,
    "188": 14.144198416413062,
    "189": 13.949824535564199,
    "190": 11.501858511612332,
    "191": 13.711105980405277,
    "192": 12.970646633368743,
    "193": 13.0268813714188,
    "194": 14.076835146883905,
    "195": 13.201918149441486,
    "196": 12.625121727729391,
    "197": 12.9817158276566,
    "198": 12.521586102992641,
    "199": 12.856388035812431,
    "200": 13.659798298352085,
    "201": 12.711311038292592,
    "203": 11.705894160952399,
    "204": 12.057375916302595,
    "205": 11.511697127451345,
    "206": 13.017764896539923,
    "207": 16.880006172274896,
    "208": 11.96931560319102,
    "209": 13.571293450934222,
    "210": 17.715179087431395,
    "211": 13.803060064665189,
    "212": 11.71449108945497,
    "213": 13.512700082668744,
    "214": 16.1504860345136,
    "215": 12.991470169077852,
    "216": 12.133132925595712,
    "217": 12.772317537595459,
    "218": 14.483301730221594,
    "219": 13.747764202417951,
    "220": 11.846312389353646,
    "221": 11.240600639692117,
    "222": 12.016866506539024,
    "223": 16.80632333404476,
    "224": 12.529035517775233,
    "225": 10.266591602251571,
    "226": 11.975461160751326,
    "227": 16.625753817903696,
    "228": 14.006049944936215,
    "229": 17.11279141418607,
    "230": 11.988380491420969,
    "231": 13.988709192094177,
    "232": 11.1911918530954,
    "233": 13.41368467780172,
    "234": 12.072450281808983,
    "235": 13.29737195182097,
    "236": 16.519885816825184,
    "237": 14.533360063520114,
    "238": 13.31156781323117,
    "239": 12.350601431810453,
    "240": 13.629871578668492,
    "241": 14.50844804335708,
    "242": 12.887804062186367,
    "243": 11.577468328470625,
    "244": 14.037785092494676,
    "245": 12.482805893409294,
    "246": 11.87172612405596,
    "247": 14.894061519374752,
    "248": 13.79052020266103,
    "250": 12.410748755940903,
    "251": 12.301822883004968,
    "252": 13.401713686079114,
    "253": 13.714088065061015,
    "254": 13.877099458650058,
    "255": 12.840421656149612,
    "256": 13.544438852419342,
    "257": 17.533200524981396,
    "258": 14.51496744348523,
    "259": 12.500631071233578,
    "260": 11.236721071258586,
    "261": 14.800564630595058,
    "262": 14.284516133065546,
    "263": 15.634623625924284,
    "264": 12.344276316222588,
    "265": 13.306988809177394,
    "266": 13.665196920696461,
    "267": 15.579074605957004,
    "268": 12.058235663771821,
    "270": 11.44627637319217,
    "271": 13.881896483039457,
    "272": 13.970787712139227,
    "273": 11.934198508511432,
    "274": 13.023944474727209,
    "275": 12.717989985255208,
    "276": 13.59132455640357,
    "277": 13.667434017950196,